URL,,,
https://fortstreet-p.schools.nsw.gov.au,,,
https://fortstreet-p.schools.nsw.gov.au/contact-us.html,,,
https://fortstreet-p.schools.nsw.gov.au/emergency-updates.html,,,
https://fortstreet-p.schools.nsw.gov.au/error.html,,,
https://fortstreet-p.schools.nsw.gov.au/newsletter.html,,,
https://fortstreet-p.schools.nsw.gov.au/gallery.html,,,
https://fortstreet-p.schools.nsw.gov.au/events.html,,,
https://fortstreet-p.schools.nsw.gov.au/about-our-school.html,,,
https://fortstreet-p.schools.nsw.gov.au/about-our-school/classes.html,,,
https://fortstreet-p.schools.nsw.gov.au/about-our-school/enrolment,,,
https://fortstreet-p.schools.nsw.gov.au/about-our-school/enrolment.html,,,
https://fortstreet-p.schools.nsw.gov.au/about-our-school/financial-contributions-and-assistance.html,,,
https://fortstreet-p.schools.nsw.gov.au/about-our-school/location-and-transport.html,,,
https://fortstreet-p.schools.nsw.gov.au/about-our-school/our-proud-history.html,,,
https://fortstreet-p.schools.nsw.gov.au/about-our-school/our-staff.html,,,
https://fortstreet-p.schools.nsw.gov.au/about-our-school/parent-testimonials.html,,,
https://fortstreet-p.schools.nsw.gov.au/about-our-school/payment-sentral.html,,,
https://fortstreet-p.schools.nsw.gov.au/about-our-school/rules-and-policies.html,,,
https://fortstreet-p.schools.nsw.gov.au/about-our-school/school-planning-and-reporting.html,,,
https://fortstreet-p.schools.nsw.gov.au/about-our-school/vision-and-values.html,,,
https://fortstreet-p.schools.nsw.gov.au/about-our-school/welcome-to-kindergarten.html,,,
https://fortstreet-p.schools.nsw.gov.au/about-our-school/welcome-to-kindergarten/kindergarten-information.html,,,
https://fortstreet-p.schools.nsw.gov.au/for-parents.html,,,
https://fortstreet-p.schools.nsw.gov.au/for-parents/fort-street-handy-hints.html,,,
https://fortstreet-p.schools.nsw.gov.au/for-parents/new-student-information.html,,,
https://fortstreet-p.schools.nsw.gov.au/for-parents/outofhourscare.html,,,
https://fortstreet-p.schools.nsw.gov.au/for-parents/pandc.html,,,
https://fortstreet-p.schools.nsw.gov.au/for-parents/payments.html,,,
https://fortstreet-p.schools.nsw.gov.au/for-parents/sentral-for-parents-app,,,
https://fortstreet-p.schools.nsw.gov.au/for-parents/sentral-for-parents-app.html,,,
https://fortstreet-p.schools.nsw.gov.au/for-parents/translated-documents.html,,,
https://fortstreet-p.schools.nsw.gov.au/for-parents/travel-access-guide--transport-.html,,,
https://fortstreet-p.schools.nsw.gov.au/for-parents/uniforms---canteen.html,,,
https://fortstreet-p.schools.nsw.gov.au/for-parents/wellbeing.html,,,
https://fortstreet-p.schools.nsw.gov.au/learning-at-our-school.html,,,
https://fortstreet-p.schools.nsw.gov.au/learning-at-our-school/assessment-and-reporting.html,,,
https://fortstreet-p.schools.nsw.gov.au/learning-at-our-school/creative-arts.html,,,
https://fortstreet-p.schools.nsw.gov.au/learning-at-our-school/english.html,,,
https://fortstreet-p.schools.nsw.gov.au/learning-at-our-school/explicit-learning.html,,,
https://fortstreet-p.schools.nsw.gov.au/learning-at-our-school/extracurricularactivities.html,,,
https://fortstreet-p.schools.nsw.gov.au/learning-at-our-school/human-society-and-its-environment.html,,,
https://fortstreet-p.schools.nsw.gov.au/learning-at-our-school/learning-across-the-curriculum.html,,,
https://fortstreet-p.schools.nsw.gov.au/learning-at-our-school/library.html,,,
https://fortstreet-p.schools.nsw.gov.au/learning-at-our-school/mathematics.html,,,
https://fortstreet-p.schools.nsw.gov.au/learning-at-our-school/oc-classes---selective-schools.html,,,
https://fortstreet-p.schools.nsw.gov.au/learning-at-our-school/personal-development-health-and-physical-education.html,,,
https://fortstreet-p.schools.nsw.gov.au/learning-at-our-school/religion-and-ethics.html,,,
https://fortstreet-p.schools.nsw.gov.au/learning-at-our-school/scholarships-and-awards.html,,,
https://fortstreet-p.schools.nsw.gov.au/learning-at-our-school/science.html,,,
https://fortstreet-p.schools.nsw.gov.au/supporting-our-students.html,,,
https://fortstreet-p.schools.nsw.gov.au/supporting-our-students/help-with-homework.html,,,
https://fortstreet-p.schools.nsw.gov.au/supporting-our-students/help-with-homework/homework-tips-for-primary-school.html,,,
https://fortstreet-p.schools.nsw.gov.au/supporting-our-students/help-with-homework/homework-tips-for-primary-school/helping-with-english-and-literacy.html,,,
https://fortstreet-p.schools.nsw.gov.au/supporting-our-students/help-with-homework/homework-tips-for-primary-school/helping-with-maths-and-numeracy.html,,,
https://fortstreet-p.schools.nsw.gov.au/supporting-our-students/inclusive-learning-support.html,,,
https://fortstreet-p.schools.nsw.gov.au/supporting-our-students/parents--carers-and-the-community.html,,,
https://fortstreet-p.schools.nsw.gov.au/supporting-our-students/parents--carers-and-the-community/parent-teacher-interviews.html,,,
https://fortstreet-p.schools.nsw.gov.au/supporting-our-students/parents--carers-and-the-community/primary-school-routines.html,,,
https://fortstreet-p.schools.nsw.gov.au/supporting-our-students/parents--carers-and-the-community/volunteering-at-school.html,,,
https://fortstreet-p.schools.nsw.gov.au/supporting-our-students/student-health-and-safety.html,,,
https://fortstreet-p.schools.nsw.gov.au/supporting-our-students/student-health-and-safety/school-counselling-service.html,,,
https://fortstreet-p.schools.nsw.gov.au/supporting-our-students/student-leadership.html,,,
https://fortstreet-p.schools.nsw.gov.au/news.html,,,
https://fortstreet-p.schools.nsw.gov.au/news/2011.html,,,
https://fortstreet-p.schools.nsw.gov.au/news/2011/10.html,,,
https://fortstreet-p.schools.nsw.gov.au/news/2011/10/activity-consent-form.html,,,
https://fortstreet-p.schools.nsw.gov.au/news/2011/10/before-and-after-school-care.html,,,
https://fortstreet-p.schools.nsw.gov.au/news/2011/10/cross-country-carnival.html,,,
https://fortstreet-p.schools.nsw.gov.au/news/2011/10/meet-and-greet-the-teachers.html,,,
https://fortstreet-p.schools.nsw.gov.au/news/2011/10/school-website-survey.html,,,
https://fortstreet-p.schools.nsw.gov.au/news/2011/10/sydney-east-school-sport.html,,,
https://fortstreet-p.schools.nsw.gov.au/news/2011/11.html,,,
https://fortstreet-p.schools.nsw.gov.au/news/2011/11/website-update.html,,,
https://fortstreet-p.schools.nsw.gov.au/news/2013.html,,,
https://fortstreet-p.schools.nsw.gov.au/news/2013/10.html,,,
https://fortstreet-p.schools.nsw.gov.au/news/2013/10/bell-shakespeare.html,,,
https://fortstreet-p.schools.nsw.gov.au/news/2013/10/dymocks.html,,,
https://fortstreet-p.schools.nsw.gov.au/news/2013/11.html,,,
https://fortstreet-p.schools.nsw.gov.au/news/2013/11/1-2r-s-thoughts-about-playing-happy-non-violent-games-on-electro.html,,,
https://fortstreet-p.schools.nsw.gov.au/news/2013/11/kindergarten-transition.html,,,
https://fortstreet-p.schools.nsw.gov.au/news/2013/11/mr-beinssen-s-flickr-photos.html,,,
https://fortstreet-p.schools.nsw.gov.au/news/2014.html,,,
https://fortstreet-p.schools.nsw.gov.au/news/2014/11.html,,,
https://fortstreet-p.schools.nsw.gov.au/news/2014/11/fsps-classrooms-comfort-style-and-so-cool.html,,,
https://fortstreet-p.schools.nsw.gov.au/news/2014/11/fsps-welcome-video-for-2015.html,,,
https://fortstreet-p.schools.nsw.gov.au/news/2014/11/premier-s-spelling-bee-grand-final.html,,,
https://fortstreet-p.schools.nsw.gov.au/news/2014/8.html,,,
https://fortstreet-p.schools.nsw.gov.au/news/2014/8/a-high-performance-project.html,,,
https://fortstreet-p.schools.nsw.gov.au/news/2014/8/dymock-s-book-bonus.html,,,
https://fortstreet-p.schools.nsw.gov.au/news/2014/8/specialist-art-classes.html,,,
https://fortstreet-p.schools.nsw.gov.au/news/2015.html,,,
https://fortstreet-p.schools.nsw.gov.au/news/2015/10.html,,,
https://fortstreet-p.schools.nsw.gov.au/news/2015/10/outstanding-icas-results.html,,,
https://fortstreet-p.schools.nsw.gov.au/news/2015/10/pssa-sport.html,,,
https://fortstreet-p.schools.nsw.gov.au/news/2015/11.html,,,
https://fortstreet-p.schools.nsw.gov.au/news/2015/11/fsps-enters-festival-by-the-sea.html,,,
https://fortstreet-p.schools.nsw.gov.au/news/2015/11/we-re-starting-a-band-in-2016.html,,,
https://fortstreet-p.schools.nsw.gov.au/news/2015/5.html,,,
https://fortstreet-p.schools.nsw.gov.au/news/2015/5/congratulations-5-6m-writers.html,,,
https://fortstreet-p.schools.nsw.gov.au/news/2015/6.html,,,
https://fortstreet-p.schools.nsw.gov.au/news/2015/6/congratulations.html,,,
https://fortstreet-p.schools.nsw.gov.au/news/2016.html,,,
https://fortstreet-p.schools.nsw.gov.au/news/2016/11.html,,,
https://fortstreet-p.schools.nsw.gov.au/news/2016/11/queen-rania-visit.html,,,
https://fortstreet-p.schools.nsw.gov.au/news/2016/12.html,,,
https://fortstreet-p.schools.nsw.gov.au/news/2016/12/2017-leadership-team-announced.html,,,
https://fortstreet-p.schools.nsw.gov.au/news/2016/12/fort-street-fabulous-furry-friends.html,,,
https://fortstreet-p.schools.nsw.gov.au/news/2016/6.html,,,
https://fortstreet-p.schools.nsw.gov.au/news/2016/6/order-your-group-photos-now.html,,,
https://fortstreet-p.schools.nsw.gov.au/news/2016/8.html,,,
https://fortstreet-p.schools.nsw.gov.au/news/2016/8/congratulations-s2emerald-word-mania-winners.html,,,
https://fortstreet-p.schools.nsw.gov.au/news/2016/9.html,,,
https://fortstreet-p.schools.nsw.gov.au/news/2016/9/cyan-s-craft-market-success.html,,,
https://fortstreet-p.schools.nsw.gov.au/news/2017.html,,,
https://fortstreet-p.schools.nsw.gov.au/news/2017/11.html,,,
https://fortstreet-p.schools.nsw.gov.au/news/2017/11/new-cycle-path-have-your-say.html,,,
https://fortstreet-p.schools.nsw.gov.au/news/2017/11/presentation-day-2017.html,,,
https://fortstreet-p.schools.nsw.gov.au/news/2017/11/thank-you-lunch-for-our-volunteers.html,,,
https://fortstreet-p.schools.nsw.gov.au/news/2017/4.html,,,
https://fortstreet-p.schools.nsw.gov.au/news/2017/4/communication-channels.html,,,
https://fortstreet-p.schools.nsw.gov.au/news/2017/4/easter-hat-parade.html,,,
https://fortstreet-p.schools.nsw.gov.au/news/2017/4/kindergarten-2018-information-night.html,,,
https://fortstreet-p.schools.nsw.gov.au/news/2017/5.html,,,
https://fortstreet-p.schools.nsw.gov.au/news/2017/5/joining-the-band.html,,,
https://fortstreet-p.schools.nsw.gov.au/news/2017/notes-forms,,,
https://fortstreet-p.schools.nsw.gov.au/news/2018.html,,,
https://fortstreet-p.schools.nsw.gov.au/news/2018/11.html,,,
https://fortstreet-p.schools.nsw.gov.au/news/2018/11/glebe-chess-tournament.html,,,
https://fortstreet-p.schools.nsw.gov.au/news/2018/4.html,,,
https://fortstreet-p.schools.nsw.gov.au/news/2018/4/code-camp-returning.html,,,
https://fortstreet-p.schools.nsw.gov.au/news/2018/4/kindy-2019-information-evening.html,,,
https://fortstreet-p.schools.nsw.gov.au/news/2018/4/opportunity-class-applications.html,,,
https://fortstreet-p.schools.nsw.gov.au/news/2018/8.html,,,
https://fortstreet-p.schools.nsw.gov.au/news/2018/8/education-week-2018---today-s-schools-creating-tomorrow-s-world.html,,,
https://fortstreet-p.schools.nsw.gov.au/news/2018/8/premier-highlights-the-value-of-public-education.html,,,
https://fortstreet-p.schools.nsw.gov.au/news/2018/9.html,,,
https://fortstreet-p.schools.nsw.gov.au/news/2018/9/applications-for-selective-high-school-2020.html,,,
https://fortstreet-p.schools.nsw.gov.au/news/2018/9/sydney-hospital-excursion.html,,,
https://fortstreet-p.schools.nsw.gov.au/news/2019.html,,,
https://fortstreet-p.schools.nsw.gov.au/news/2019/10.html,,,
https://fortstreet-p.schools.nsw.gov.au/news/2019/10/grab-a-ticket-to-schools-spectacular-2019.html,,,
https://fortstreet-p.schools.nsw.gov.au/news/2019/6.html,,,
https://fortstreet-p.schools.nsw.gov.au/news/2019/6/creative-and-active-kids-vouchers-now-available.html,,,
https://fortstreet-p.schools.nsw.gov.au/news/2019/8.html,,,
https://fortstreet-p.schools.nsw.gov.au/news/2019/8/education-week---every-student--every-voice.html,,,
https://fortstreet-p.schools.nsw.gov.au/news/2019/9.html,,,
https://fortstreet-p.schools.nsw.gov.au/news/2019/9/book-yourself-in-for-reading-hour.html,,,
https://fortstreet-p.schools.nsw.gov.au/news/2019/9/have-your-say-on-before-and-after-school-care.html,,,
https://fortstreet-p.schools.nsw.gov.au/news/2019/9/how-to-be-smart-and-safe-on-social-media.html,,,
https://fortstreet-p.schools.nsw.gov.au/news/2020.html,,,
https://fortstreet-p.schools.nsw.gov.au/news/2021.html,,,
https://fortstreet-p.schools.nsw.gov.au/news/2021/11.html,,,
https://fortstreet-p.schools.nsw.gov.au/news/2021/11/noisy-miners.html,,,
https://fortstreet-p.schools.nsw.gov.au/news/2021/11/tell-them-from-me.html,,,
https://fortstreet-p.schools.nsw.gov.au/news/2021/11/the-fort-street-fab-5-values.html,,,
https://fortstreet-p.schools.nsw.gov.au/news/2021/11/the-premier-visits.html,,,
https://fortstreet-p.schools.nsw.gov.au/news/2021/11/zach.html,,,
https://fortstreet-p.schools.nsw.gov.au/news/2021/12.html,,,
https://fortstreet-p.schools.nsw.gov.au/news/2021/12/covid-19-update-fort-street-public-school.html,,,
https://fortstreet-p.schools.nsw.gov.au/news/2021/12/covid-19-update-fort-street-public-school0.html,,,
https://fortstreet-p.schools.nsw.gov.au/news/2021/12/farewells.html,,,
https://fortstreet-p.schools.nsw.gov.au/news/2022.html,,,
https://fortstreet-p.schools.nsw.gov.au/news/2022/10.html,,,
https://fortstreet-p.schools.nsw.gov.au/news/2022/10/p-c-disco-coming-soon.html,,,
https://fortstreet-p.schools.nsw.gov.au/news/2022/10/public-speaking-finals.html,,,
https://fortstreet-p.schools.nsw.gov.au/news/2022/11.html,,,
https://fortstreet-p.schools.nsw.gov.au/news/2022/11/conservatorium-visit.html,,,
https://fortstreet-p.schools.nsw.gov.au/news/2022/7.html,,,
https://fortstreet-p.schools.nsw.gov.au/news/2022/7/100-days-video.html,,,
https://fortstreet-p.schools.nsw.gov.au/news/2022/7/australian-museum.html,,,
https://fortstreet-p.schools.nsw.gov.au/news/2022/7/test.html,,,
https://fortstreet-p.schools.nsw.gov.au/news/2022/8.html,,,
https://fortstreet-p.schools.nsw.gov.au/news/2022/8/premier-s-reading-challenge-closing-soon.html,,,
https://fortstreet-p.schools.nsw.gov.au/news/2023.html,,,
https://fortstreet-p.schools.nsw.gov.au/news/2023/11.html,,,
https://fortstreet-p.schools.nsw.gov.au/news/2023/11/stage-3-stop-motion-animation-fun.html,,,
https://fortstreet-p.schools.nsw.gov.au/news/2023/12.html,,,
https://fortstreet-p.schools.nsw.gov.au/news/2023/12/end-of-year-concert---atlantis.html,,,
https://fortstreet-p.schools.nsw.gov.au/news/2023/6.html,,,
https://fortstreet-p.schools.nsw.gov.au/news/2023/6/anzac-sticker-designs.html,,,
https://fortstreet-p.schools.nsw.gov.au/news/2023/6/balmain-pssa-cross-country-carnival.html,,,
https://fortstreet-p.schools.nsw.gov.au/news/2023/6/chess-club.html,,,
https://fortstreet-p.schools.nsw.gov.au/news/2023/6/multicultural-speech-finals.html,,,
https://fortstreet-p.schools.nsw.gov.au/news/2023/6/national-simultaneous-storytime-2023.html,,,
https://fortstreet-p.schools.nsw.gov.au/news/2023/6/what-s-an-arco-.html,,,
https://fortstreet-p.schools.nsw.gov.au/news/2023/8.html,,,
https://fortstreet-p.schools.nsw.gov.au/news/2023/8/world-cup.html,,,
https://fortstreet-p.schools.nsw.gov.au/news/2023/9.html,,,
https://fortstreet-p.schools.nsw.gov.au/news/2023/9/fort-street-public-school-project-update.html,,,
https://fortstreet-p.schools.nsw.gov.au/news/2023/9/public-speaking-competition.html,,,
https://fortstreet-p.schools.nsw.gov.au/news/2024.html,,,
https://fortstreet-p.schools.nsw.gov.au/news/2024/10.html,,,
https://fortstreet-p.schools.nsw.gov.au/news/2024/10/public-speaking-success.html,,,
https://fortstreet-p.schools.nsw.gov.au/news/2024/2.html,,,
https://fortstreet-p.schools.nsw.gov.au/news/2024/2/back-to-school-webinar-for-parents-and-carers.html,,,
https://fortstreet-p.schools.nsw.gov.au/news/2024/2/every-day-matters-.html,,,
https://fortstreet-p.schools.nsw.gov.au/news/2024/2/free-internet-for-eligible-families-.html,,,
https://fortstreet-p.schools.nsw.gov.au/news/2024/2/sharing-memories-with-our-community0.html,,,
https://fortstreet-p.schools.nsw.gov.au/news/2024/2/the-best-education-money-can-t-buy.html,,,
https://fortstreet-p.schools.nsw.gov.au/news/2024/4.html,,,
https://fortstreet-p.schools.nsw.gov.au/news/2024/4/harmony-day---everyone-belongs.html,,,
https://fortstreet-p.schools.nsw.gov.au/news/2024/5.html,,,
https://fortstreet-p.schools.nsw.gov.au/news/2024/5/zone-cross-country-success.html,,,
https://fortstreet-p.schools.nsw.gov.au/news/2024/7.html,,,
https://fortstreet-p.schools.nsw.gov.au/news/2024/7/conservatorium-of-music-high-school-collaboration.html,,,
https://fortstreet-p.schools.nsw.gov.au/news/2024/8.html,,,
https://fortstreet-p.schools.nsw.gov.au/news/2024/8/education-week-celebrations.html,,,
https://fortstreet-p.schools.nsw.gov.au/news/2023/5/kids--lit-quiz.html,,,
https://fortstreet-p.schools.nsw.gov.au/news/2023/3/easter-hat-parade-info.html,,,
https://fortstreet-p.schools.nsw.gov.au/news/2023/3/harmony-day-writing.html,,,
https://fortstreet-p.schools.nsw.gov.au/news/2023/3/premier-s-reading-challenge-instructions.html,,,
https://fortstreet-p.schools.nsw.gov.au/news/2023/3/great-time-at-the-maritime.html,,,
https://fortstreet-p.schools.nsw.gov.au/news/2023/3/stem-challenge.html,,,
https://fortstreet-p.schools.nsw.gov.au/news/2023/3/the-leadership-team.html,,,
https://fortstreet-p.schools.nsw.gov.au/news/2023/2/the-bush-band-is-coming-.html,,,
https://fortstreet-p.schools.nsw.gov.au/news/2023/2/why-wellbeing-is-so-good-at-fsps.html,,,
https://fortstreet-p.schools.nsw.gov.au/news/2023/2/swimming-carnival.html,,,
https://fortstreet-p.schools.nsw.gov.au/news/2022/6/kindy-information-night.html,,,
https://fortstreet-p.schools.nsw.gov.au/news/2022/6/multicultural-perspectives-public-speaking.html,,,
https://fortstreet-p.schools.nsw.gov.au/news/2022/6/bpssa-cross-country-carnival.html,,,
https://fortstreet-p.schools.nsw.gov.au/news/2022/6/debating-success.html,,,
https://fortstreet-p.schools.nsw.gov.au/news/2022/6/musica-viva.html,,,
https://fortstreet-p.schools.nsw.gov.au/news/2022/5/cooking-with-rotary.html,,,
https://fortstreet-p.schools.nsw.gov.au/news/2022/5/library-lunch.html,,,
https://fortstreet-p.schools.nsw.gov.au/news/2022/5/national-reconciliation-week-2022.html,,,
https://fortstreet-p.schools.nsw.gov.au/news/2022/5/walk-safely-to-school-day.html,,,
https://fortstreet-p.schools.nsw.gov.au/news/2022/5/kindy-information-evening.html,,,
https://fortstreet-p.schools.nsw.gov.au/news/2022/4/anzac-assembly.html,,,
https://fortstreet-p.schools.nsw.gov.au/news/2022/3/house-captains.html,,,
https://fortstreet-p.schools.nsw.gov.au/news/2022/3/balmain-zone-swimming-carnival.html,,,
https://fortstreet-p.schools.nsw.gov.au/news/2022/3/ducks-and-helpers.html,,,
https://fortstreet-p.schools.nsw.gov.au/news/2022/3/premier-s-reading-challenge-2022.html,,,
https://fortstreet-p.schools.nsw.gov.au/news/2022/3/welcome-to-the-fsps-library.html,,,
https://fortstreet-p.schools.nsw.gov.au/news/2022/2/leadership-team-2022.html,,,
https://fortstreet-p.schools.nsw.gov.au/news/2022/2/new-teachers.html,,,
https://fortstreet-p.schools.nsw.gov.au/news/2022/2/reading-success.html,,,
https://fortstreet-p.schools.nsw.gov.au/news/2022/2/stewart-house.html,,,
https://fortstreet-p.schools.nsw.gov.au/news/2022/2/strings-ensemble.html,,,
https://fortstreet-p.schools.nsw.gov.au/news/2022/2/captain-elections.html,,,
https://fortstreet-p.schools.nsw.gov.au/news/2022/2/fsps-swimming-carnival.html,,,
https://fortstreet-p.schools.nsw.gov.au/news/2021/10/children-s-week-2021.html,,,
https://fortstreet-p.schools.nsw.gov.au/news/2021/10/library-times.html,,,
https://fortstreet-p.schools.nsw.gov.au/news/2021/9/covid-19-update-fort-street-public-school-operational.html,,,
https://fortstreet-p.schools.nsw.gov.au/news/2021/9/fort-st-public-school-non-operational.html,,,
https://fortstreet-p.schools.nsw.gov.au/news/2021/6/farewell.html,,,
https://fortstreet-p.schools.nsw.gov.au/news/2021/6/kindy-excursion.html,,,
https://fortstreet-p.schools.nsw.gov.au/news/2021/6/postponed.html,,,
https://fortstreet-p.schools.nsw.gov.au/news/2021/6/speech-finals.html,,,
https://fortstreet-p.schools.nsw.gov.au/news/2021/6/multicultural-perspectives.html,,,
https://fortstreet-p.schools.nsw.gov.au/news/2021/6/strings-recital.html,,,
https://fortstreet-p.schools.nsw.gov.au/news/2021/6/mia--sam-and-rosie-make-every-day-count.html,,,
https://fortstreet-p.schools.nsw.gov.au/news/2021/6/pm-ecollection.html,,,
https://fortstreet-p.schools.nsw.gov.au/news/2021/5/feral-futures.html,,,
https://fortstreet-p.schools.nsw.gov.au/news/2021/5/library-lunch.html,,,
https://fortstreet-p.schools.nsw.gov.au/news/2021/5/run4fun-fundraiser.html,,,
https://fortstreet-p.schools.nsw.gov.au/news/2021/5/zone-cross-country.html,,,
https://fortstreet-p.schools.nsw.gov.au/news/2021/5/baking-biscuits.html,,,
https://fortstreet-p.schools.nsw.gov.au/news/2021/5/crunch-sip.html,,,
https://fortstreet-p.schools.nsw.gov.au/news/2021/5/national-simultaneous-storytime-2021.html,,,
https://fortstreet-p.schools.nsw.gov.au/news/2021/5/premier-s-reading-challenge-update.html,,,
https://fortstreet-p.schools.nsw.gov.au/news/2021/5/speech-pathology.html,,,
https://fortstreet-p.schools.nsw.gov.au/news/2021/5/naplan-and-reach-assessments.html,,,
https://fortstreet-p.schools.nsw.gov.au/news/2021/5/kim-s-adventure.html,,,
https://fortstreet-p.schools.nsw.gov.au/news/2021/5/debating-against-stanmore.html,,,
https://fortstreet-p.schools.nsw.gov.au/news/2021/5/fsps-cross-country-results.html,,,
https://fortstreet-p.schools.nsw.gov.au/news/2021/5/happy-mother-s-day.html,,,
https://fortstreet-p.schools.nsw.gov.au/news/2021/5/kindergarten-2022-information-night.html,,,
https://fortstreet-p.schools.nsw.gov.au/news/2021/4/attendance-awards.html,,,
https://fortstreet-p.schools.nsw.gov.au/news/2021/4/community-programs.html,,,
https://fortstreet-p.schools.nsw.gov.au/news/2021/4/debating-workshop.html,,,
https://fortstreet-p.schools.nsw.gov.au/news/2021/4/fsps-kindergarten-2022-information-evening.html,,,
https://fortstreet-p.schools.nsw.gov.au/news/2021/4/anzac-assembly.html,,,
https://fortstreet-p.schools.nsw.gov.au/news/2021/4/chess-club.html,,,
https://fortstreet-p.schools.nsw.gov.au/news/2021/4/hyde-park-barracks.html,,,
https://fortstreet-p.schools.nsw.gov.au/news/2021/4/monkey-baa.html,,,
https://fortstreet-p.schools.nsw.gov.au/news/2021/3/p-c-back-in-school.html,,,
https://fortstreet-p.schools.nsw.gov.au/news/2021/3/communities-for-communities.html,,,
https://fortstreet-p.schools.nsw.gov.au/news/2021/3/garden-sale.html,,,
https://fortstreet-p.schools.nsw.gov.au/news/2021/3/get-ready-for-the-easter-hat-parade.html,,,
https://fortstreet-p.schools.nsw.gov.au/news/2021/3/harmony-day.html,,,
https://fortstreet-p.schools.nsw.gov.au/news/2021/3/harmony-week-at-the-library.html,,,
https://fortstreet-p.schools.nsw.gov.au/news/2021/3/blah.html,,,
https://fortstreet-p.schools.nsw.gov.au/news/2021/3/maritime-museum-excursion.html,,,
https://fortstreet-p.schools.nsw.gov.au/news/2021/3/premier-s-reading-challenge-2021.html,,,
https://fortstreet-p.schools.nsw.gov.au/news/2021/3/sentence-work-in-aqua.html,,,
https://fortstreet-p.schools.nsw.gov.au/news/2021/3/balmain-zone-swimming-carnival.html,,,
https://fortstreet-p.schools.nsw.gov.au/news/2021/3/pssa-begins-for-2021.html,,,
https://fortstreet-p.schools.nsw.gov.au/news/2021/3/swim-scheme.html,,,
https://fortstreet-p.schools.nsw.gov.au/news/2021/2/assembly-awards.html,,,
https://fortstreet-p.schools.nsw.gov.au/news/2021/2/the-p-c-meets.html,,,
https://fortstreet-p.schools.nsw.gov.au/news/2021/2/opportunity-class-placements.html,,,
https://fortstreet-p.schools.nsw.gov.au/news/2021/2/swimming-carnival.html,,,
https://fortstreet-p.schools.nsw.gov.au/news/2021/2/the-museum.html,,,
https://fortstreet-p.schools.nsw.gov.au/news/2021/2/new-staff.html,,,
https://fortstreet-p.schools.nsw.gov.au/news/2021/2/leadership-team-2021.html,,,
https://fortstreet-p.schools.nsw.gov.au/news/2021/2/website-updates-in-2021.html,,,
https://fortstreet-p.schools.nsw.gov.au/news/2019/5/the-game-changer-challenge-is-back.html,,,
https://fortstreet-p.schools.nsw.gov.au/news/2019/5/your-naplan-questions-answered.html,,,
https://fortstreet-p.schools.nsw.gov.au/news/2019/3/head-shave-for-cancer.html,,,
https://fortstreet-p.schools.nsw.gov.au/news/2018/2/code-camp-returning.html,,,
https://fortstreet-p.schools.nsw.gov.au/news/2018/2/school-photos1.html,,,
https://fortstreet-p.schools.nsw.gov.au/news/2016/5/deliberations-begin-for-our-debators.html,,,
https://fortstreet-p.schools.nsw.gov.au/news/2016/5/congratulations-osh-club.html,,,
https://fortstreet-p.schools.nsw.gov.au/news/2016/5/thank-you-grill-d.html,,,
https://fortstreet-p.schools.nsw.gov.au/news/2016/4/invitation-to-contribute.html,,,
https://fortstreet-p.schools.nsw.gov.au/news/2016/4/local-matters-at-grill-d-this-april.html,,,
https://fortstreet-p.schools.nsw.gov.au/news/2016/3/3d-printing.html,,,
https://fortstreet-p.schools.nsw.gov.au/news/2016/3/s1-aqua-beebots.html,,,
https://fortstreet-p.schools.nsw.gov.au/news/2016/2/fsps-swim-carnival.html,,,
https://fortstreet-p.schools.nsw.gov.au/news/2016/2/school-photos.html,,,
https://fortstreet-p.schools.nsw.gov.au/news/2015/4/school-drama.html,,,
https://fortstreet-p.schools.nsw.gov.au/news/2015/2/learn-to-play-an-instrument.html,,,
https://fortstreet-p.schools.nsw.gov.au/news/2011/10/term-2-calendar.html,,,
https://fortstreet-p.schools.nsw.gov.au/news/2011/10/term-3-activity-consent-form.html,,,